106,12/17/2023,	CQ310,Active
108,6/22/2024,		 ,RedS
119,3/21/2024,	CQ310,RedN
120,11/26/2023,	CQ310,Active
121,12/22/2023,	CQ310,RedS
126,3/2/2024,	CQ310,BlueE
128,7/21/2024,		 ,RedN
130,3/10/2024,	CQ310,RedS
134,12/22/2023,	CQ310,RedN
135,1/21/2024,	CQ310,RedN
136,1/21/2024,	CQ310,RedS
138,12/17/2023,	CQ310,Active
142,5/26/2024,		 ,RedS
144,2/10/2024,	CQ310,RedN
147,3/17/2024,	CQ310,RedS
148,3/2/2024,	CQ310,RedN
149,12/30/2023,	CQ310,RedN
157,12/22/2023,	CQ310,RedN
158,12/2/2023,	CQ310,Active
159,12/17/2023,	CQ310,RedN
172,12/2/2023,	CQ310,Active
179,1/7/2024,	CQ310,GoldS
180,8/18/2024,		 ,redn
188,1/21/2024,	CQ310,GoldN
210,1/15/2024,	CQ311,GreenN
213,2/10/2024,	CQ311,RedS
215,2/17/2024,	CQ311,GoldS
216,12/28/2023,	CQ311,RedS
217,3/10/2024,	CQ311,RedN
220,12/2/2023,	CQ311,Active
223,12/28/2023,	CQ311,RedS
224,7/26/2024,		 ,RedS
226,12/28/2023,	CQ311,RedS
227,12/19/2023,	CQ311,Active
228,12/17/2023,	CQ311,Active
229,12/30/2023,	CQ311,BlueE
233,1/27/2024,	CQ311,RedN
235,6/22/2024,		 ,GoldN
236,3/18/2024,	CQ311,BlueE
245,1/27/2024,	CQ311,RedS
248,12/19/2023,	CQ311,Active
249,1/27/2024,	CQ311,GoldS
250,1/7/2024,	CQ311,RedN
252,11/26/2023,	CQ311,Active
253,11/26/2023,	CQ311,Active
257,1/21/2024,	CQ312,GoldS
258,2/10/2024,	CQ311,GoldS
261,3/28/2024,		 ,RedS
266,3/23/2024,	CQ311,GoldS
268,12/30/2023,	CQ311,RedS
270,12/2/2023,	CQ311,Active
272,12/26/2023,	CQ311,RedN
273,8/18/2024,		 ,Reds
275,3/2/2024,	CQ311,RedS
276,2/10/2024,	CQ311,GoldN
278,3/19/2024,	CQ311,BlueE
279,3/2/2024,	CQ311,GoldS
280,2/10/2024,	CQ311,BlueE
284,2/17/2024,	CQ311,RedS
288,12/26/2023,	CQ311,RedS
290,6/16/2024,		 ,RedS
293,2/18/2024,	CQ311,RedN
295,3/20/2024,	CQ311,GoldN
296,12/22/2023,	CQ311,RedN
298,1/15/2024,	CQ311,RedN
306,1/7/2024,	CQ311,GoldN
311,7/21/2024,		 ,RedS
314,12/28/2023,	CQ311,GoldN
315,1/15/2024,	CQ311,RedS
605,1/21/2024,	CQ312,GoldN
622,1/21/2024,	CQ312,GoldN
627,5/26/2024,		 ,GoldN
648,7/21/2024,		 ,GoldS
650,12/30/2023,	CQ312,BlueW
663,3/23/2024,	CQ312,RedS
672,12/2/2023,	CQ312,Active
677,12/17/2023,	CQ312,Active
696,6/16/2024,		 ,GoldN
698,12/28/2023,	CQ312,RedN
699,12/19/2023,	CQ312,Active
700,7/26/2024,		 ,GoldN